"Name","Party","Distid","NRA.Direct.Support","NRA.Independent.Support","NRA.Independent.Opposition","NRA.Indep.Expend.for.Opponent","NRA.Indep.Expend.against.opponent","NRA.Grand.Total","Rank","chamber","state","NRA.Grand.Total.Supporting","NRA.Grand.Total.Opposing","2017 Death Rate (per 100k people)","2017 Total Deaths","2016 Death Rate","2016 Total Deaths"
"ROMNEY, MITT","R","UTS1",0,3278632,"$0",3289,10369044,13644387,1,"Senate","Utah",13691980,-10956,14,410,12.9,370
"BURR, RICHARD","R","NCS2",43900,1356247,"$0",0,5587233,6987380,2,"Senate","North Carolina",11789724,-898,13.7,1430,13.7,1409
"BLUNT, ROY","R","MOS1",82450,1410401,"$0",0,3062871,4555722,3,"Senate","Missouri",6143256,-933,21.5,1307,19,1144
"TILLIS, THOM","R","NCS1",18300,1961654,"$0",821,2447279,4426412,4,"Senate","North Carolina",11789724,-898,13.7,1430,13.7,1409
"GARDNER, CORY","R","COS2",11950,1225129,"$59,935",0,2708120,3885264,5,"Senate","Colorado",4865120,-935216,13.4,779,14.3,812
"RUBIO, MARCO","R","FLS2",4950,1008030,"$0",0,2290375,3303355,6,"Senate","Florida",3542202,-111412,12.4,2724,12.6,2704
"ERNST, JONI","R","IAS2",9900,322084,"$0",500,2792789,3124273,7,"Senate","Iowa",3410355,-148999,9,293,9.2,288
"PORTMAN, ROB","R","OHS2",20300,1453432,"$0",0,1589595,3063327,8,"Senate","Ohio",3569434,-1156830,13.7,1589,12.9,1524
"YOUNG, TODD","R","INS2",9450,440645,"$0",850,2447487,2896732,9,"Senate","Indiana",4245190,-864,15.3,1016,15,997
"CASSIDY, BILL","R","LAS1",11450,409201,"$0",6027,2447423,2862047,10,"Senate","Louisiana",3142993,-12536,21.7,1008,21.3,987
"PERDUE, DAVID","R","GAS1",9900,350904,"$0",11739,1641658,1990723,11,"Senate","Georgia",2144458,-1635,15.4,1623,15,1571
"COTTON, TOM","R","ARS1",9900,1958814,"$0",0,0,1968714,12,"Senate","Arkansas",3182795,0,20.3,613,17.8,541
"ROBERTS, PAT","R","KSS1",40700,663384,"$0",0,877069,1581153,13,"Senate","Kansas",1712474,-13388,16,466,13.4,383
"TOOMEY, PAT","R","PAS1",27250,889130,"$1,266",0,559068,1474182,14,"Senate","Pennsylvania",1799798,-386266,12.5,1636,12,1555
"HAWLEY, JOSH","R","MOS2",9900,714680,"$0",0,666968,1391548,15,"Senate","Missouri",6143256,-933,21.5,1307,19,1144
"BLACKBURN, MARSHA","R","TNS1",45050,642404,"$0",0,618676,1306130,16,"Senate","Tennessee",1372506,0,18.4,1246,17.1,1148
"MCCONNELL, MITCH","R","KYS1",64700,771175,"$315",0,441814,1277374,17,"Senate","Kentucky",1504727,-4018,16.2,730,17.5,772
"JOHNSON, RON","R","WIS2",13400,1001773,"$0",0,254313,1269486,18,"Senate","Wisconsin",1385505,-771863,10.6,624,11.4,664
"BRAUN, MIKE","R","INS1",5200,169436,"$0",0,1075331,1249967,19,"Senate","Indiana",4245190,-864,15.3,1016,15,997
"HILL, FRENCH","R","AR02",9000,541819,"$0",0,546929,1097748,20,"House","Arkansas",3182795,0,20.3,613,17.8,541
"BUCK, KEN","R","CO04",9950,791802,"$0",0,37771,839523,21,"House","Colorado",4865120,-935216,13.4,779,14.3,812
"THUNE, JOHN","R","SDS1",59055,579134,"$0",0,753,638942,22,"Senate","South Dakota",750978,0,11.9,101,13.4,108
"SIMPSON, MIKE","R","ID02",44750,342720,"$0",0,739,388209,23,"House","Idaho",465098,0,16.4,280,14.6,242
"GIANFORTE, GREG","R","MT01",3000,87396,"$0",0,271621,362017,24,"House","Montana",489678,-734499,22.5,244,18.9,194
"CAPITO, SHELLEY","R","WVS2",35050,83910,"$0",6038,222778,335700,25,"Senate","West Virginia",388360,-459700,18.6,348,17.5,332
"MCSALLY, MARTHA","R","AZS1",26350,186011,"$0",0,93492,305853,26,"Senate","Arizona",425062,-319855,15.8,1134,15.2,1094
"SHELBY, RICHARD","R","ALS2",85900,172614,"$0",0,0,258514,27,"Senate","Alabama",399197,-74830,22.9,1124,21.5,1046
"YOUNG, DON","R","AK01",125254,119380,"$0",565,1224,245293,28,"House","Alaska",396505,0,24.5,180,23.3,177
"SMUCKER, LLOYD","R","PA11",9950,217283,"$0",0,0,227233,29,"House","Pennsylvania",1799798,-386266,12.5,1636,12,1555
"GRASSLEY, CHUCK","R","IAS1",39650,186357,"$3,570",0,0,222437,30,"Senate","Iowa",3410355,-148999,9,293,9.2,288
"KENNEDY, JOHN","R","LAS2",9900,205888,"$0",0,0,215788,31,"Senate","Louisiana",3142993,-12536,21.7,1008,21.3,987
"BUDD, TED","R","NC13",9500,191762,"$0",0,12896,214158,32,"House","North Carolina",11789724,-898,13.7,1430,13.7,1409
"STAUBER, PETE","R","MN08",9900,182248,"$0",0,10447,202595,33,"House","Minnesota",286298,-191892,8.2,465,7.6,432
"CRUZ, TED","R","TXS2",20050,122365,"$0",0,33859,176274,34,"Senate","Texas",650742,-158009,12.4,3513,12.1,3353
"MURKOWSKI, LISA","R","AKS2",20050,126212,"$0",0,0,146262,35,"Senate","Alaska",396505,0,24.5,180,23.3,177
"CHABOT, STEVE","R","OH01",77900,54691,"$0",0,10347,142938,36,"House","Ohio",3569434,-1156830,13.7,1589,12.9,1524
"WALBERG, TIM","R","MI07",27400,86029,"$0",0,19555,132984,37,"House","Michigan",186994,-984050,11.3,1138,12.3,1230
"DAINES, STEVEN","R","MTS2",15650,75732,"$0",0,36279,127661,38,"Senate","Montana",489678,-734499,22.5,244,18.9,194
"HYDE-SMITH, CINDY","R","MSS1",4950,63390,"$0",0,41207,109547,39,"Senate","Mississippi",228109,-640,21.5,632,19.9,587
"WICKER, ROGER","R","MSS2",45700,60980,"$0",320,0,106360,40,"Senate","Mississippi",228109,-640,21.5,632,19.9,587
"GRAVES, SAM","R","MO06",40100,61444,"$0",431,4743,105856,41,"House","Missouri",6143256,-933,21.5,1307,19,1144
"TIPTON, SCOTT","R","CO03",20950,85786,"$0",1191,0,105545,42,"House","Colorado",4865120,-935216,13.4,779,14.3,812
"PAUL, RAND","R","KYS2",9900,94556,"$0",0,0,104456,43,"Senate","Kentucky",1504727,-4018,16.2,730,17.5,772
"ROUNDS, MIKE","R","SDS2",7950,83983,"$0",0,3616,95549,44,"Senate","South Dakota",750978,0,11.9,101,13.4,108
"BEUTLER, JAIME","R","WA03",10450,84848,"$0",0,0,95298,45,"House","Washington",152540,-1001968,11.1,849,9,686
"BOOZMAN, JOHN","R","ARS2",21850,60502,"$0",0,0,82352,46,"Senate","Arkansas",3182795,0,20.3,613,17.8,541
"SCHWEIKERT, DAVID","R","AZ06",16950,65228,"$0",0,0,82178,47,"House","Arizona",425062,-319855,15.8,1134,15.2,1094
"WATKINS, STEVE","R","KS02",1750,15701,"$0",0,62661,80112,48,"House","Kansas",1712474,-13388,16,466,13.4,383
"STIVERS, STEVE","R","OH15",35250,43718,"$0",0,595,79563,49,"House","Ohio",3569434,-1156830,13.7,1589,12.9,1524
"ADERHOLT, ROBERT","R","AL04",52699,17469,"$0",0,527,70695,50,"House","Alabama",399197,-74830,22.9,1124,21.5,1046
"SASSE, BEN","R","NES2",4950,63673,"$0",0,0,68623,51,"Senate","Nebraska",163310,0,8.3,160,9.1,171
"CORNYN, JOHN","R","TXS1",44200,35745,"$12,360",0,0,67585,52,"Senate","Texas",650742,-158009,12.4,3513,12.1,3353
"DAVIS, RODNEY","R","IL13",16900,37066,"$0",0,13543,67509,53,"House","Illinois",191089,-71872,12.1,1543,11.7,1490
"RIGGLEMAN, DENVER","R","VA05",2000,32711,"$0",0,32506,67217,54,"House","Virginia",115492,-1290875,11.9,1041,12.1,1049
"INHOFE, JAMES","R","OKS2",62500,5258,"$1,567",0,0,66191,55,"Senate","Oklahoma",205293,-5904,17.2,681,19.6,766
"ZELDIN, LEE","R","NY01",24750,41431,"$0",0,0,66181,56,"House","New York",167473,-145700,3.7,772,4.4,900
"KATKO, JOHN","R","NY24",11900,43186,"$0",0,9915,65001,57,"House","New York",167473,-145700,3.7,772,4.4,900
"KING, STEVEN","R","IA04",21800,41845,"$0",0,0,63645,58,"House","Iowa",3410355,-148999,9,293,9.2,288
"JOHNSON, BILL","R","OH06",16450,45856,"$0",2329,0,59977,59,"House","Ohio",3569434,-1156830,13.7,1589,12.9,1524
"CALVERT, KEN","R","CA42",56400,2781,"$0",0,0,59181,60,"House","California",214295,-285808,7.9,3184,7.9,3184
"LUCAS, FRANK","R","OK03",53800,5599,"$0",490,0,58909,61,"House","Oklahoma",205293,-5904,17.2,681,19.6,766
"SHIMKUS, JOHN","R","IL15",42550,15132,"$0",0,328,58010,62,"House","Illinois",191089,-71872,12.1,1543,11.7,1490
"ROGERS, HAL","R","KY05",55750,693,"$0",422,42,56063,63,"House","Kentucky",1504727,-4018,16.2,730,17.5,772
"CRAPO, MIKE","R","IDS2",48650,6389,"$0",0,0,55039,64,"Senate","Idaho",465098,0,16.4,280,14.6,242
"GRAHAM, LINDSEY","R","SCS2",46850,8723,"$1,897",0,388,54064,65,"Senate","South Carolina",135064,-15497,17.7,893,17.7,891
"RODGERS, CATHY","R","WA05",20450,20123,"$0",0,10647,51220,66,"House","Washington",152540,-1001968,11.1,849,9,686
"PETERSON, COLLIN","D","MN07",42750,8497,"$0",427,0,50820,67,"House","Minnesota",286298,-191892,8.2,465,7.6,432
"BISHOP, SANFORD","D","GA02",49350,633,"$0",381,0,49602,68,"House","Georgia",2144458,-1635,15.4,1623,15,1571
"LATTA, ROBERT","R","OH05",25650,23006,"$0",0,599,49255,69,"House","Ohio",3569434,-1156830,13.7,1589,12.9,1524
"JOYCE, DAVID","R","OH14",9500,39464,"$0",0,81,49045,70,"House","Ohio",3569434,-1156830,13.7,1589,12.9,1524
"MCCARTHY, KEVIN","R","CA23",34800,12040,"$0",0,0,46840,71,"House","California",214295,-285808,7.9,3184,7.9,3184
"WALDEN, GREG","R","OR02",40250,6496,"$0",0,0,46746,72,"House","Oregon",59633,-112595,12.1,528,11.9,513
"SCALISE, STEVE","R","LA01",46700,0,"$0",0,0,46700,73,"House","Louisiana",3142993,-12536,21.7,1008,21.3,987
"BOST, MIKE","R","IL12",9500,18858,"$0",0,18222,46580,74,"House","Illinois",191089,-71872,12.1,1543,11.7,1490
"MCCLINTOCK, TOM","R","CA04",26850,19092,"$0",0,0,45942,75,"House","California",214295,-285808,7.9,3184,7.9,3184
"LUETKEMEYER, BLAINE","R","MO03",19450,25059,"$0",0,0,44509,76,"House","Missouri",6143256,-933,21.5,1307,19,1144
"CARTER, JOHN","R","TX31",33900,4829,"$0",0,4643,43372,77,"House","Texas",650742,-158009,12.4,3513,12.1,3353
"GALLAGHER, MIKE","R","WI08",4950,37354,"$0",0,859,43163,78,"House","Wisconsin",1385505,-771863,10.6,624,11.4,664
"MCHENRY, PATRICK","R","NC10",37800,5270,"$0",0,0,43070,79,"House","North Carolina",11789724,-898,13.7,1430,13.7,1409
"HOLDING, GEORGE","R","NC02",10000,16774,"$0",0,15824,42598,80,"House","North Carolina",11789724,-898,13.7,1430,13.7,1409
"BARR, ANDY","R","KY06",18350,12619,"$0",959,11132,41142,81,"House","Kentucky",1504727,-4018,16.2,730,17.5,772
"COLE, TOM","R","OK04",31200,8112,"$0",0,0,39312,82,"House","Oklahoma",205293,-5904,17.2,681,19.6,766
"PERRY, SCOTT","R","PA10",12000,14005,"$0",0,12563,38568,83,"House","Pennsylvania",1799798,-386266,12.5,1636,12,1555
"HURD, WILL","R","TX23",16850,18715,"$0",0,2743,38308,84,"House","Texas",650742,-158009,12.4,3513,12.1,3353
"WEBSTER, DANIEL","R","FL11",7950,30053,"$0",0,93,38096,85,"House","Florida",3542202,-111412,12.4,2724,12.6,2704
"MORAN, JERRY","R","KSS2",21850,15368,"$0",0,0,37218,86,"Senate","Kansas",1712474,-13388,16,466,13.4,383
"THORNBERRY, MAC","R","TX13",33450,1897,"$0",0,414,35761,87,"House","Texas",650742,-158009,12.4,3513,12.1,3353
"KELLY, MIKE","R","PA16",12000,23350,"$0",0,0,35350,88,"House","Pennsylvania",1799798,-386266,12.5,1636,12,1555
"BRADY, KEVIN","R","TX08",24500,10403,"$0",0,0,34903,89,"House","Texas",650742,-158009,12.4,3513,12.1,3353
"LAMBORN, DOUGLAS","R","CO05",21950,12838,"$0",0,0,34788,90,"House","Colorado",4865120,-935216,13.4,779,14.3,812
"BACON, DONALD","R","NE02",9450,18838,"$0",0,6333,34621,91,"House","Nebraska",163310,0,8.3,160,9.1,171
"BALDERSON, TROY","R","OH12",5500,15050,"$0",0,13607,34157,92,"House","Ohio",3569434,-1156830,13.7,1589,12.9,1524
"ROGERS, MIKE","R","AL03",35100,374,"$2,248",0,0,33226,93,"House","Alabama",399197,-74830,22.9,1124,21.5,1046
"DIAZ-BALART, MARIO","R","FL25",28450,4626,"$0",0,0,33076,94,"House","Florida",3542202,-111412,12.4,2724,12.6,2704
"MCBATH, LUCY","D","GA06",0,0,"$5,502",27642,65261,32117,95,"House","Georgia",2144458,-1635,15.4,1623,15,1571
"CUELLAR, HENRY","D","TX28",29300,1994,"$0",73,448,31669,96,"House","Texas",650742,-158009,12.4,3513,12.1,3353
"MAST, BRIAN","R","FL18",4950,26569,"$0",0,0,31519,97,"House","Florida",3542202,-111412,12.4,2724,12.6,2704
"MCCAUL, MICHAEL","R","TX10",27000,4087,"$0",0,0,31087,98,"House","Texas",650742,-158009,12.4,3513,12.1,3353
"WITTMAN, ROB","R","VA01",19000,9221,"$0",0,0,28221,99,"House","Virginia",115492,-1290875,11.9,1041,12.1,1049
"HARRIS, ANDY","R","MD01",23900,3547,"$0",0,0,27447,100,"House","Maryland",27447,-6614,12.3,742,11.9,707
"WALORSKI, JACKIE","R","IN02",12000,15428,"$0",0,0,27428,101,"House","Indiana",4245190,-864,15.3,1016,15,997
"BARRASSO, JOHN","R","WYS1",22849,4140,"$0",0,0,26989,102,"Senate","Wyoming",57661,0,18.8,113,17.4,101
"TURNER, MICHAEL","R","OH10",23995,1796,"$0",0,599,26390,103,"House","Ohio",3569434,-1156830,13.7,1589,12.9,1524
"SENSENBRENNER, JIM","R","WI05",23200,2533,"$0",0,474,26207,104,"House","Wisconsin",1385505,-771863,10.6,624,11.4,664
"NUNES, DEVIN","R","CA22",24950,340,"$0",0,260,25550,105,"House","California",214295,-285808,7.9,3184,7.9,3184
"HAGEDORN, JIM","R","MN01",5950,10993,"$0",0,8570,25513,106,"House","Minnesota",286298,-191892,8.2,465,7.6,432
"FOXX, VIRGINIA","R","NC05",24900,178,"$0",0,0,25078,107,"House","North Carolina",11789724,-898,13.7,1430,13.7,1409
"MOONEY, ALEX","R","WV02",9950,14905,"$0",0,0,24855,108,"House","West Virginia",388360,-459700,18.6,348,17.5,332
"RYAN, TIM","D","OH13",19996,8005,"$3,196",0,0,24805,109,"House","Ohio",3569434,-1156830,13.7,1589,12.9,1524
"ENZI, MIKE","R","WYS2",20900,3822,"$0",0,0,24722,110,"Senate","Wyoming",57661,0,18.8,113,17.4,101
"BISHOP, ROB","R","UT01",23900,402,"$0",0,0,24302,111,"House","Utah",13691980,-10956,14,410,12.9,370
"HUDSON, RICHARD","R","NC08",13950,9476,"$0",0,599,24025,112,"House","North Carolina",11789724,-898,13.7,1430,13.7,1409
"GRANGER, KAY","R","TX12",21950,1670,"$0",0,0,23620,113,"House","Texas",650742,-158009,12.4,3513,12.1,3353
"GROTHMAN, GLENN","R","WI06",5000,10119,"$0",0,8313,23432,114,"House","Wisconsin",1385505,-771863,10.6,624,11.4,664
"ALEXANDER, LAMAR","R","TNS2",15100,10193,"$1,867",0,0,23426,115,"Senate","Tennessee",1372506,0,18.4,1246,17.1,1148
"WALTZ, MICHAEL","R","FL06",0,11473,"$0",0,11268,22741,116,"House","Florida",3542202,-111412,12.4,2724,12.6,2704
"AMODEI, MARK","R","NV02",11000,11682,"$0",0,0,22682,117,"House","Nevada",22682,-2712765,16.7,508,16.8,498
"SPANO, ROSS","R","FL15",2000,10211,"$0",0,10096,22307,118,"House","Florida",3542202,-111412,12.4,2724,12.6,2704
"REED, THOMAS","R","NY23",12950,9212,"$0",0,0,22162,119,"House","New York",167473,-145700,3.7,772,4.4,900
"HOEVEN, JOHN","R","NDS1",15400,6650,"$0",0,0,22050,120,"Senate","North Dakota",39827,0,13.2,103,11.9,90
"FORTENBERRY, JEFF","R","NE01",11950,9678,"$0",0,0,21628,121,"House","Nebraska",163310,0,8.3,160,9.1,171
"BUCSHON, LARRY","R","IN08",10000,11533,"$0",0,0,21533,122,"House","Indiana",4245190,-864,15.3,1016,15,997
"BURGESS, MICHAEL","R","TX26",20150,1265,"$0",0,0,21415,123,"House","Texas",650742,-158009,12.4,3513,12.1,3353
"GOSAR, PAUL","R","AZ04",9950,9427,"$0",0,1475,20852,124,"House","Arizona",425062,-319855,15.8,1134,15.2,1094
"WILSON, JOE","R","SC02",21950,449,"$2,094",0,0,20305,125,"House","South Carolina",135064,-15497,17.7,893,17.7,891
"BUCHANAN, VERNON","R","FL16",15450,4646,"$0",0,0,20096,126,"House","Florida",3542202,-111412,12.4,2724,12.6,2704
"RISCH, JAMES E","R","IDS1",19850,0,"$0",0,0,19850,127,"Senate","Idaho",465098,0,16.4,280,14.6,242
"FISCHER, DEBRA","R","NES1",5950,12037,"$0",0,1651,19638,128,"Senate","Nebraska",163310,0,8.3,160,9.1,171
"CONAWAY, MICHAEL","R","TX11",18000,1603,"$0",0,0,19603,129,"House","Texas",650742,-158009,12.4,3513,12.1,3353
"LAHOOD, DARIN","R","IL18",5000,13990,"$0",0,0,18990,130,"House","Illinois",191089,-71872,12.1,1543,11.7,1490
"LANKFORD, JAMES","R","OKS1",11500,7455,"$0",0,0,18955,131,"Senate","Oklahoma",205293,-5904,17.2,681,19.6,766
"MULLIN, MARKWAYNE","R","OK02",10950,7976,"$0",0,0,18926,132,"House","Oklahoma",205293,-5904,17.2,681,19.6,766
"SMITH, ADRIAN","R","NE03",18800,0,"$0",0,0,18800,133,"House","Nebraska",163310,0,8.3,160,9.1,171
"MCKINLEY, DAVID","R","WV01",10500,8176,"$0",0,0,18676,134,"House","West Virginia",388360,-459700,18.6,348,17.5,332
"SCOTT, TIM","R","SCS1",17950,563,"$0",0,0,18513,135,"Senate","South Carolina",135064,-15497,17.7,893,17.7,891
"JORDAN, JIM","R","OH04",14500,3643,"$0",0,0,18143,136,"House","Ohio",3569434,-1156830,13.7,1589,12.9,1524
"COLLINS, SUSAN","R","MES2",19800,0,"$1,701",0,0,18099,137,"Senate","Maine",18099,-180796,11.7,172,8.3,123
"BILIRAKIS, GUS","R","FL12",17450,156,"$0",0,0,17606,138,"House","Florida",3542202,-111412,12.4,2724,12.6,2704
"OLSON, PETE","R","TX22",18950,1061,"$0",2647,0,17364,139,"House","Texas",650742,-158009,12.4,3513,12.1,3353
"FLORES, BILL","R","TX17",16000,1032,"$0",0,0,17032,140,"House","Texas",650742,-158009,12.4,3513,12.1,3353
"MARCHANT, KENNY","R","TX24",15750,969,"$0",0,0,16719,141,"House","Texas",650742,-158009,12.4,3513,12.1,3353
"JOHNSON, DUSTIN","R","SD01",2000,14487,"$0",0,0,16487,142,"House","South Dakota",750978,0,11.9,101,13.4,108
"HUNTER, DUNCAN","R","CA50",14000,0,"$0",0,2192,16192,143,"House","California",214295,-285808,7.9,3184,7.9,3184
"POSEY, BILL","R","FL08",13500,2643,"$0",0,0,16143,144,"House","Florida",3542202,-111412,12.4,2724,12.6,2704
"COLLINS, DOUG","R","GA09",9000,6825,"$0",0,0,15825,145,"House","Georgia",2144458,-1635,15.4,1623,15,1571
"GRAVES, TOM","R","GA14",15650,127,"$0",0,0,15777,146,"House","Georgia",2144458,-1635,15.4,1623,15,1571
"GRIFFITH, MORGAN","R","VA09",13650,702,"$0",0,702,15054,147,"House","Virginia",115492,-1290875,11.9,1041,12.1,1049
"HOLLINGSWORTH, JOSEPH","R","IN09",5000,10014,"$0",0,0,15014,148,"House","Indiana",4245190,-864,15.3,1016,15,997
"LONG, BILLY","R","MO07",12500,2363,"$0",0,0,14863,149,"House","Missouri",6143256,-933,21.5,1307,19,1144
"DUNCAN, JEFF","R","SC03",14500,153,"$0",0,0,14653,150,"House","South Carolina",135064,-15497,17.7,893,17.7,891
"THOMPSON, GLENN","R","PA15",12500,1747,"$0",0,0,14247,151,"House","Pennsylvania",1799798,-386266,12.5,1636,12,1555
"FLEISCHMANN, CHUCK","R","TN03",10000,3842,"$0",0,0,13842,152,"House","Tennessee",1372506,0,18.4,1246,17.1,1148
"HUIZENGA, BILL","R","MI02",13650,152,"$0",0,0,13802,153,"House","Michigan",186994,-984050,11.3,1138,12.3,1230
"GOHMERT, LOUIE","R","TX01",13450,0,"$0",64,0,13386,154,"House","Texas",650742,-158009,12.4,3513,12.1,3353
"CRAMER, KEVIN","R","NDS2",10211,1522,"$0",0,1522,13255,155,"Senate","North Dakota",39827,0,13.2,103,11.9,90
"COMER, JAMES","R","KY01",6950,6242,"$0",0,0,13192,156,"House","Kentucky",1504727,-4018,16.2,730,17.5,772
"UPTON, FREDERICK","R","MI06",9000,3601,"$0",0,495,13096,157,"House","Michigan",186994,-984050,11.3,1138,12.3,1230
"ROBY, MARTHA","R","AL02",10000,3019,"$0",0,0,13019,158,"House","Alabama",399197,-74830,22.9,1124,21.5,1046
"STEIL, BRYAN","R","WI01",0,7296,"$0",0,5639,12935,159,"House","Wisconsin",1385505,-771863,10.6,624,11.4,664
"MOOLENAAR, JOHN","R","MI04",7000,5758,"$0",0,0,12758,160,"House","Michigan",186994,-984050,11.3,1138,12.3,1230
"NORMAN, RALPH","R","SC05",8950,3217,"$0",0,0,12167,161,"House","South Carolina",135064,-15497,17.7,893,17.7,891
"LAMALFA, DOUG","R","CA01",8000,3590,"$0",0,0,11590,162,"House","California",214295,-285808,7.9,3184,7.9,3184
"WAGNER, ANN","R","MO02",8150,3370,"$0",0,0,11520,163,"House","Missouri",6143256,-933,21.5,1307,19,1144
"WESTERMAN, BRUCE","R","AR04",5000,6504,"$0",0,0,11504,164,"House","Arkansas",3182795,0,20.3,613,17.8,541
"WOMACK, STEVE","R","AR03",11500,0,"$0",0,0,11500,165,"House","Arkansas",3182795,0,20.3,613,17.8,541
"SMITH, JASON","R","MO08",8500,2789,"$0",0,0,11289,166,"House","Missouri",6143256,-933,21.5,1307,19,1144
"BANKS, JAMES","R","IN03",4000,7065,"$0",0,0,11065,167,"House","Indiana",4245190,-864,15.3,1016,15,997
"CRAWFORD, RICK","R","AR01",9000,1977,"$0",0,0,10977,168,"House","Arkansas",3182795,0,20.3,613,17.8,541
"BABIN, BRIAN","R","TX36",9500,1334,"$0",0,0,10834,169,"House","Texas",650742,-158009,12.4,3513,12.1,3353
"GUTHRIE, BRETT","R","KY02",10500,0,"$0",0,0,10500,170,"House","Kentucky",1504727,-4018,16.2,730,17.5,772
"PENCE, GREGORY","R","IN06",2500,7974,"$0",0,0,10474,171,"House","Indiana",4245190,-864,15.3,1016,15,997
"WILLIAMS, ROGER","R","TX25",9000,1335,"$0",0,0,10335,172,"House","Texas",650742,-158009,12.4,3513,12.1,3353
"KIND, RON","D","WI03",7950,3074,"$0",742,0,10282,173,"House","Wisconsin",1385505,-771863,10.6,624,11.4,664
"CRIST, CHARLIE","D","FL13",10150,0,"$0",0,0,10150,174,"House","Florida",3542202,-111412,12.4,2724,12.6,2704
"WENSTRUP, BRAD","R","OH02",9000,1039,"$0",0,0,10039,175,"House","Ohio",3569434,-1156830,13.7,1589,12.9,1524
"STEWART, CHRIS","R","UT02",10000,0,"$0",0,0,10000,176,"House","Utah",13691980,-10956,14,410,12.9,370
"BAIRD, JAMES","R","IN04",2000,7977,"$0",0,0,9977,177,"House","Indiana",4245190,-864,15.3,1016,15,997
"SCHRADER, KURT","D","OR05",5000,4887,"$0",0,0,9887,178,"House","Oregon",59633,-112595,12.1,528,11.9,513
"BISHOP, DAN","R","NC09",5950,3476,"$0",0,0,9426,179,"House","North Carolina",11789724,-898,13.7,1430,13.7,1409
"BYRNE, BRADLEY","R","AL01",6000,3380,"$0",0,0,9380,180,"House","Alabama",399197,-74830,22.9,1124,21.5,1046
"JOHNSON, MIKE","R","LA04",4000,5223,"$0",0,0,9223,181,"House","Louisiana",3142993,-12536,21.7,1008,21.3,987
"PALAZZO, STEVEN","R","MS04",10250,2153,"$0",3201,0,9202,182,"House","Mississippi",228109,-640,21.5,632,19.9,587
"STEFANIK, ELISE","R","NY21",7000,2179,"$0",0,0,9179,183,"House","New York",167473,-145700,3.7,772,4.4,900
"RICE, TOM","R","SC07",9000,139,"$0",0,0,9139,184,"House","South Carolina",135064,-15497,17.7,893,17.7,891
"MILLER, CAROL","R","WV03",3000,6129,"$0",0,0,9129,185,"House","West Virginia",388360,-459700,18.6,348,17.5,332
"COOK, PAUL","R","CA08",9000,0,"$0",0,0,9000,186,"House","California",214295,-285808,7.9,3184,7.9,3184
"LESKO, DEBBIE","R","AZ08",4000,4505,"$0",0,0,8505,187,"House","Arizona",425062,-319855,15.8,1134,15.2,1094
"GOODEN, LANCE","R","TX05",4000,4504,"$0",0,0,8504,188,"House","Texas",650742,-158009,12.4,3513,12.1,3353
"ESTES, RON","R","KS04",4250,4147,"$0",0,0,8397,189,"House","Kansas",1712474,-13388,16,466,13.4,383
"LEE, MIKE","R","UTS2",5000,3291,"$0",0,0,8291,190,"Senate","Utah",13691980,-10956,14,410,12.9,370
"LOUDERMILK, BARRY","R","GA11",8000,137,"$0",0,0,8137,191,"House","Georgia",2144458,-1635,15.4,1623,15,1571
"KUSTOFF, DAVID","R","TN08",6000,2097,"$0",0,0,8097,192,"House","Tennessee",1372506,0,18.4,1246,17.1,1148
"SCOTT, AUSTIN","R","GA08",8500,150,"$0",632,0,8018,193,"House","Georgia",2144458,-1635,15.4,1623,15,1571
"HARTZLER, VICKY","R","MO04",11500,4648,"$0",8795,596,7949,194,"House","Missouri",6143256,-933,21.5,1307,19,1144
"GRAVES, GARRET","R","LA06",5000,2900,"$0",0,0,7900,195,"House","Louisiana",3142993,-12536,21.7,1008,21.3,987
"BIGGS, ANDREW","R","AZ05",4000,3674,"$0",0,0,7674,196,"House","Arizona",425062,-319855,15.8,1134,15.2,1094
"BERGMAN, JOHN","R","MI01",7450,221,"$0",0,0,7671,197,"House","Michigan",186994,-984050,11.3,1138,12.3,1230
"DESJARLAIS, SCOTT","R","TN04",10000,4067,"$0",6538,0,7529,198,"House","Tennessee",1372506,0,18.4,1246,17.1,1148
"EMMER, THOMAS","R","MN06",6000,1370,"$0",0,0,7370,199,"House","Minnesota",286298,-191892,8.2,465,7.6,432
"BROOKS, MO","R","AL05",7000,194,"$0",0,0,7194,200,"House","Alabama",399197,-74830,22.9,1124,21.5,1046
"PALMER, GARY","R","AL06",7000,169,"$0",0,0,7169,201,"House","Alabama",399197,-74830,22.9,1124,21.5,1046
"FERGUSON, DREW","R","GA03",7000,151,"$0",0,0,7151,202,"House","Georgia",2144458,-1635,15.4,1623,15,1571
"LEAHY, PATRICK","D","VTS2",7000,0,"$0",0,0,7000,203,"Senate","Vermont",8476,0,11.7,70,11.1,78
"DUNN, NEAL","R","FL02",4750,1876,"$0",0,0,6626,204,"House","Florida",3542202,-111412,12.4,2724,12.6,2704
"GIBBS, BOB","R","OH07",11500,2225,"$0",7244,0,6481,205,"House","Ohio",3569434,-1156830,13.7,1589,12.9,1524
"CARTER, BUDDY","R","GA01",6000,471,"$0",0,0,6471,206,"House","Georgia",2144458,-1635,15.4,1623,15,1571
"HICE, JODY","R","GA10",6000,170,"$0",0,0,6170,207,"House","Georgia",2144458,-1635,15.4,1623,15,1571
"MEADOWS, MARK","R","NC11",6150,0,"$0",0,0,6150,208,"House","North Carolina",11789724,-898,13.7,1430,13.7,1409
"NEWHOUSE, DANIEL","R","WA04",6000,0,"$0",0,0,6000,209,"House","Washington",152540,-1001968,11.1,849,9,686
"RATCLIFFE, JOHN","R","TX04",4500,1476,"$0",0,0,5976,210,"House","Texas",650742,-158009,12.4,3513,12.1,3353
"HASTINGS, ALCEE","D","FL20",5950,0,"$0",0,0,5950,211,"House","Florida",3542202,-111412,12.4,2724,12.6,2704
"CHENEY, LIZ","R","WY01",5950,0,"$0",0,0,5950,211,"House","Wyoming",57661,0,18.8,113,17.4,101
"MITCHELL, PAUL","R","MI10",5500,183,"$0",0,0,5683,213,"House","Michigan",186994,-984050,11.3,1138,12.3,1230
"MARSHALL, ROGER","R","KS01",4500,1094,"$0",0,0,5594,214,"House","Kansas",1712474,-13388,16,466,13.4,383
"ARRINGTON, JODEY","R","TX19",4500,1060,"$0",0,0,5560,215,"House","Texas",650742,-158009,12.4,3513,12.1,3353
"ROUZER, DAVID","R","NC07",5000,427,"$0",0,0,5427,216,"House","North Carolina",11789724,-898,13.7,1430,13.7,1409
"YOHO, TED","R","FL03",5000,270,"$0",0,92,5362,217,"House","Florida",3542202,-111412,12.4,2724,12.6,2704
"WEBER, RANDY","R","TX14",4000,1270,"$0",0,0,5270,218,"House","Texas",650742,-158009,12.4,3513,12.1,3353
"WALKER, BRADLEY","R","NC06",5000,0,"$0",0,0,5000,219,"House","North Carolina",11789724,-898,13.7,1430,13.7,1409
"CURTIS, JOHN","R","UT03",5000,0,"$0",0,0,5000,219,"House","Utah",13691980,-10956,14,410,12.9,370
"CLINE, BENJAMIN","R","VA06",5000,0,"$0",0,0,5000,219,"House","Virginia",115492,-1290875,11.9,1041,12.1,1049
"SULLIVAN, DANIEL","R","AKS1",4950,565,"$0",565,0,4950,222,"Senate","Alaska",396505,0,24.5,180,23.3,177
"KING, PETER","R","NY02",4950,0,"$252",0,252,4950,222,"House","New York",167473,-145700,3.7,772,4.4,900
"TAYLOR, NICHOLAS","R","TX03",3000,1703,"$0",0,0,4703,224,"House","Texas",650742,-158009,12.4,3513,12.1,3353
"ARMSTRONG, KELLY","R","ND01",3000,1522,"$0",0,0,4522,225,"House","North Dakota",39827,0,13.2,103,11.9,90
"ROSE, JOHN","R","TN06",2000,2305,"$0",0,0,4305,226,"House","Tennessee",1372506,0,18.4,1246,17.1,1148
"DAVIDSON, WARREN","R","OH08",3000,1184,"$0",0,0,4184,227,"House","Ohio",3569434,-1156830,13.7,1589,12.9,1524
"STEUBE, WILLIAM","R","FL17",4000,175,"$0",0,0,4175,228,"House","Florida",3542202,-111412,12.4,2724,12.6,2704
"CLYBURN, JAMES","D","SC06",4950,0,"$388",463,0,4099,229,"House","South Carolina",135064,-15497,17.7,893,17.7,891
"CLOUD, MICHAEL","R","TX27",3000,1025,"$0",0,0,4025,230,"House","Texas",650742,-158009,12.4,3513,12.1,3353
"GREEN, MARK","R","TN07",2000,2016,"$0",0,0,4016,231,"House","Tennessee",1372506,0,18.4,1246,17.1,1148
"JOYCE, JOHN","R","PA13",2000,1718,"$0",0,0,3718,232,"House","Pennsylvania",1799798,-386266,12.5,1636,12,1555
"GAETZ, MATTHEW","R","FL01",3500,198,"$0",0,0,3698,233,"House","Florida",3542202,-111412,12.4,2724,12.6,2704
"LUJAN, BEN","D","NM03",3500,0,"$0",0,0,3500,234,"House","New Mexico",3500,-82256,18.5,394,18.1,383
"KELLER, FRED","R","PA12",3500,0,"$0",0,0,3500,234,"House","Pennsylvania",1799798,-386266,12.5,1636,12,1555
"BROOKS, SUSAN","R","IN05",3000,0,"$0",0,0,3000,236,"House","Indiana",4245190,-864,15.3,1016,15,997
"KELLY, TRENT","R","MS01",3000,0,"$0",0,0,3000,236,"House","Mississippi",228109,-640,21.5,632,19.9,587
"HERN, KEVIN","R","OK01",3000,0,"$0",0,0,3000,236,"House","Oklahoma",205293,-5904,17.2,681,19.6,766
"DEFAZIO, PETER","D","OR04",3000,0,"$0",0,0,3000,236,"House","Oregon",59633,-112595,12.1,528,11.9,513
"MEUSER, DAN","R","PA09",3000,0,"$0",0,0,3000,236,"House","Pennsylvania",1799798,-386266,12.5,1636,12,1555
"WRIGHT, RON","R","TX06",2000,986,"$0",0,0,2986,241,"House","Texas",650742,-158009,12.4,3513,12.1,3353
"BURCHETT, TIMOTHY","R","TN02",1000,1845,"$0",0,0,2845,242,"House","Tennessee",1372506,0,18.4,1246,17.1,1148
"ROY, CHARLES","R","TX21",1000,1560,"$0",0,0,2560,243,"House","Texas",650742,-158009,12.4,3513,12.1,3353
"ALLEN, RICK","R","GA12",6000,114,"$0",3753,0,2361,244,"House","Georgia",2144458,-1635,15.4,1623,15,1571
"TIMMONS, WILLIAM","R","SC04",2000,124,"$0",0,0,2124,245,"House","South Carolina",135064,-15497,17.7,893,17.7,891
"ROE, PHIL","R","TN01",0,2115,"$0",0,0,2115,246,"House","Tennessee",1372506,0,18.4,1246,17.1,1148
"WOODALL, ROB","R","GA07",2000,106,"$0",0,0,2106,247,"House","Georgia",2144458,-1635,15.4,1623,15,1571
"FULCHER, RUSSELL","R","ID01",2000,0,"$0",0,0,2000,248,"House","Idaho",465098,0,16.4,280,14.6,242
"MASSIE, THOMAS","R","KY04",2000,0,"$0",0,0,2000,248,"House","Kentucky",1504727,-4018,16.2,730,17.5,772
"CRENSHAW, DANIEL","R","TX02",1000,891,"$0",0,0,1891,250,"House","Texas",650742,-158009,12.4,3513,12.1,3353
"HIGGINS, CLAY","R","LA03",6500,0,"$0",5165,0,1335,251,"House","Louisiana",3142993,-12536,21.7,1008,21.3,987
"RUTHERFORD, JOHN","R","FL04",1000,172,"$0",0,0,1172,252,"House","Florida",3542202,-111412,12.4,2724,12.6,2704
"GONZALEZ, ANTHONY","R","OH16",0,1130,"$0",0,0,1130,253,"House","Ohio",3569434,-1156830,13.7,1589,12.9,1524
"AMASH, JUSTIN","I","MI03",1000,0,"$0",0,0,1000,254,"House","Michigan",186994,-984050,11.3,1138,12.3,1230
"MURPHY, GREGORY","R","NC03",1000,0,"$0",0,0,1000,254,"House","North Carolina",11789724,-898,13.7,1430,13.7,1409
"WELCH, PETER","D","VT01",1000,0,"$0",0,0,1000,254,"House","Vermont",8476,0,11.7,70,11.1,78
"LYNCH, STEPHEN","D","MA08",0,0,"$0",0,555,555,257,"House","Massachusetts",555,-41739,3.7,262,3.4,242
"SANDERS, BERNIE","D","VTS1",0,238,"$0",0,238,476,258,"Senate","Vermont",8476,0,11.7,70,11.1,78
"COOPER, JAMES","D","TN05",0,201,"$0",0,0,201,259,"House","Tennessee",1372506,0,18.4,1246,17.1,1148
"ROONEY, FRANCIS","R","FL19",0,130,"$0",0,0,130,260,"House","Florida",3542202,-111412,12.4,2724,12.6,2704
"SMITH, ADAM","D","WA09",0,518,"$0",496,0,22,261,"House","Washington",152540,-1001968,11.1,849,9,686
"HARRIS, KAMALA","D","CAS1",0,0,"$0",0,0,0,262,"Senate","California",214295,-285808,7.9,3184,7.9,3184
"SCOTT, RICK","R","FLS1",0,0,"$0",0,0,0,262,"Senate","Florida",3542202,-111412,12.4,2724,12.6,2704
"LOEFFLER, KELLY","R","GAS2",0,0,"$0",0,0,0,262,"Senate","Georgia",2144458,-1635,15.4,1623,15,1571
"VAN HOLLEN, CHRISTOPHER","D","MDS2",0,0,"$0",0,0,0,262,"Senate","Maryland",27447,-6614,12.3,742,11.9,707
"WYDEN, RONALD","D","ORS2",0,0,"$0",0,0,0,262,"Senate","Oregon",59633,-112595,12.1,528,11.9,513
"WHITEHOUSE, SHELDON","D","RIS1",0,0,"$0",0,0,0,262,"Senate","Rhode Island",0,-1350,3.9,43,4.1,49
"REED, JACK","D","RIS2",0,0,"$0",0,0,0,262,"Senate","Rhode Island",0,-1350,3.9,43,4.1,49
"GALLEGO, RUBEN","D","AZ07",0,0,"$0",0,0,0,262,"House","Arizona",425062,-319855,15.8,1134,15.2,1094
"STANTON, GREG","D","AZ09",0,0,"$0",0,0,0,262,"House","Arizona",425062,-319855,15.8,1134,15.2,1094
"HUFFMAN, JARED","D","CA02",0,0,"$0",0,0,0,262,"House","California",214295,-285808,7.9,3184,7.9,3184
"MATSUI, DORIS","D","CA06",0,0,"$0",0,0,0,262,"House","California",214295,-285808,7.9,3184,7.9,3184
"DESAULNIER, MARK","D","CA11",0,0,"$0",0,0,0,262,"House","California",214295,-285808,7.9,3184,7.9,3184
"SPEIER, JACKIE","D","CA14",0,0,"$0",0,0,0,262,"House","California",214295,-285808,7.9,3184,7.9,3184
"SWALWELL, ERIC","D","CA15",0,0,"$0",0,0,0,262,"House","California",214295,-285808,7.9,3184,7.9,3184
"KHANNA, RO","D","CA17",0,0,"$0",0,0,0,262,"House","California",214295,-285808,7.9,3184,7.9,3184
"PANETTA, JAMES","D","CA20",0,0,"$0",0,0,0,262,"House","California",214295,-285808,7.9,3184,7.9,3184
"CHU, JUDY","D","CA27",0,0,"$0",0,0,0,262,"House","California",214295,-285808,7.9,3184,7.9,3184
"CARDENAS, TONY","D","CA29",0,0,"$0",0,0,0,262,"House","California",214295,-285808,7.9,3184,7.9,3184
"LIEU, TED","D","CA33",0,0,"$0",0,0,0,262,"House","California",214295,-285808,7.9,3184,7.9,3184
"GOMEZ, JIMMY","D","CA34",0,0,"$0",0,0,0,262,"House","California",214295,-285808,7.9,3184,7.9,3184
"TORRES, NORMA","D","CA35",0,0,"$0",0,0,0,262,"House","California",214295,-285808,7.9,3184,7.9,3184
"BASS, KAREN","D","CA37",0,0,"$0",0,0,0,262,"House","California",214295,-285808,7.9,3184,7.9,3184
"SANCHEZ, LINDA","D","CA38",0,0,"$0",0,0,0,262,"House","California",214295,-285808,7.9,3184,7.9,3184
"BARRAGAN, NANETTE","D","CA44",0,0,"$0",0,0,0,262,"House","California",214295,-285808,7.9,3184,7.9,3184
"CORREA, LOU","D","CA46",0,0,"$0",0,0,0,262,"House","California",214295,-285808,7.9,3184,7.9,3184
"VARGAS, JUAN","D","CA51",0,0,"$0",0,0,0,262,"House","California",214295,-285808,7.9,3184,7.9,3184
"DEGETTE, DIANA","D","CO01",0,0,"$0",0,0,0,262,"House","Colorado",4865120,-935216,13.4,779,14.3,812
"NEGUSE, JOSEPH","D","CO02",0,0,"$0",0,0,0,262,"House","Colorado",4865120,-935216,13.4,779,14.3,812
"HIMES, JAMES","D","CT04",0,0,"$0",0,0,0,262,"House","Connecticut",0,-181011,5.1,188,4.6,172
"HAYES, JAHANA","D","CT05",0,0,"$0",0,0,0,262,"House","Connecticut",0,-181011,5.1,188,4.6,172
"BLUNT-ROCHESTER, LISA","D","DE01",0,0,"$0",0,0,0,262,"House","Delaware",0,-97616,11.7,111,11,111
"SOTO, DARREN","D","FL09",0,0,"$0",0,0,0,262,"House","Florida",3542202,-111412,12.4,2724,12.6,2704
"CASTOR, KATHY","D","FL14",0,0,"$0",0,0,0,262,"House","Florida",3542202,-111412,12.4,2724,12.6,2704
"DEUTCH, TED","D","FL22",0,0,"$0",0,0,0,262,"House","Florida",3542202,-111412,12.4,2724,12.6,2704
"SCHULTZ, DEBBIE","D","FL23",0,0,"$0",0,0,0,262,"House","Florida",3542202,-111412,12.4,2724,12.6,2704
"WILSON, FREDERICA","D","FL24",0,0,"$0",0,0,0,262,"House","Florida",3542202,-111412,12.4,2724,12.6,2704
"MUCARSEL-POWELL, DEBBIE","D","FL26",0,0,"$0",0,0,0,262,"House","Florida",3542202,-111412,12.4,2724,12.6,2704
"SHALALA, DONNA","D","FL27",0,0,"$0",0,0,0,262,"House","Florida",3542202,-111412,12.4,2724,12.6,2704
"CASE, ED","D","HI01",0,0,"$0",0,0,0,262,"House","Hawaii",0,-743,2.5,39,4.5,66
"GARCIA, JESUS","D","IL04",0,0,"$0",0,0,0,262,"House","Illinois",191089,-71872,12.1,1543,11.7,1490
"CASTEN, SEAN","D","IL06",0,0,"$0",0,0,0,262,"House","Illinois",191089,-71872,12.1,1543,11.7,1490
"KRISHNAMOORTHI, RAJA","D","IL08",0,0,"$0",0,0,0,262,"House","Illinois",191089,-71872,12.1,1543,11.7,1490
"CARSON, ANDRE","D","IN07",0,0,"$0",0,0,0,262,"House","Indiana",4245190,-864,15.3,1016,15,997
"RICHMOND, CEDRIC","D","LA02",0,0,"$0",0,0,0,262,"House","Louisiana",3142993,-12536,21.7,1008,21.3,987
"TRAHAN, LORI","D","MA03",0,0,"$0",0,0,0,262,"House","Massachusetts",555,-41739,3.7,262,3.4,242
"KENNEDY, JOSEPH","D","MA04",0,0,"$0",0,0,0,262,"House","Massachusetts",555,-41739,3.7,262,3.4,242
"CLARK, KATHERINE","D","MA05",0,0,"$0",0,0,0,262,"House","Massachusetts",555,-41739,3.7,262,3.4,242
"MOULTON, SETH","D","MA06",0,0,"$0",0,0,0,262,"House","Massachusetts",555,-41739,3.7,262,3.4,242
"PRESSLEY, AYANNA","D","MA07",0,0,"$0",0,0,0,262,"House","Massachusetts",555,-41739,3.7,262,3.4,242
"SARBANES, JOHN","D","MD03",0,0,"$0",0,0,0,262,"House","Maryland",27447,-6614,12.3,742,11.9,707
"BROWN, ANTHONY","D","MD04",0,0,"$0",0,0,0,262,"House","Maryland",27447,-6614,12.3,742,11.9,707
"TRONE, DAVID","D","MD06",0,0,"$0",0,0,0,262,"House","Maryland",27447,-6614,12.3,742,11.9,707
"RASKIN, JAMIE","D","MD08",0,0,"$0",0,0,0,262,"House","Maryland",27447,-6614,12.3,742,11.9,707
"KILDEE, DAN","D","MI05",0,0,"$0",0,0,0,262,"House","Michigan",186994,-984050,11.3,1138,12.3,1230
"LEVIN, ANDY","D","MI09",0,0,"$0",0,0,0,262,"House","Michigan",186994,-984050,11.3,1138,12.3,1230
"DINGELL, DEBBIE","D","MI12",0,0,"$0",0,0,0,262,"House","Michigan",186994,-984050,11.3,1138,12.3,1230
"TLAIB, RASHIDA","D","MI13",0,0,"$0",0,0,0,262,"House","Michigan",186994,-984050,11.3,1138,12.3,1230
"LAWRENCE, BRENDA","D","MI14",0,0,"$0",0,0,0,262,"House","Michigan",186994,-984050,11.3,1138,12.3,1230
"OMAR, ILHAN","D","MN05",0,0,"$0",0,0,0,262,"House","Minnesota",286298,-191892,8.2,465,7.6,432
"GUEST, MICHAEL","R","MS03",0,0,"$0",0,0,0,262,"House","Mississippi",228109,-640,21.5,632,19.9,587
"BUTTERFIELD, G.K.","D","NC01",0,0,"$0",0,0,0,262,"House","North Carolina",11789724,-898,13.7,1430,13.7,1409
"ADAMS, ALMA","D","NC12",0,0,"$0",0,0,0,262,"House","North Carolina",11789724,-898,13.7,1430,13.7,1409
"NORCROSS, DONALD","D","NJ01",0,0,"$0",0,0,0,262,"House","New Jersey",0,-73405,5.3,478,5.5,485
"VAN DREW, JEFFERSON","R","NJ02",0,0,"$0",0,0,0,262,"House","New Jersey",0,-73405,5.3,478,5.5,485
"SMITH, CHRISTOPHER","R","NJ04",0,0,"$256",0,256,0,262,"House","New Jersey",0,-73405,5.3,478,5.5,485
"MALINOWSKI, TOMAZ","D","NJ07",0,0,"$0",0,0,0,262,"House","New Jersey",0,-73405,5.3,478,5.5,485
"SIRES, ALBIO","D","NJ08",0,0,"$0",0,0,0,262,"House","New Jersey",0,-73405,5.3,478,5.5,485
"PAYNE, DONALD","D","NJ10",0,0,"$0",0,0,0,262,"House","New Jersey",0,-73405,5.3,478,5.5,485
"WATSON-COLEMAN, BONNIE","D","NJ12",0,0,"$0",0,0,0,262,"House","New Jersey",0,-73405,5.3,478,5.5,485
"HAALAND, DEBRA","D","NM01",0,0,"$0",0,0,0,262,"House","New Mexico",3500,-82256,18.5,394,18.1,383
"LEE, SUSIE","D","NV03",0,0,"$0",0,0,0,262,"House","Nevada",22682,-2712765,16.7,508,16.8,498
"SUOZZI, THOMAS","D","NY03",0,0,"$0",0,0,0,262,"House","New York",167473,-145700,3.7,772,4.4,900
"RICE, KATHLEEN","D","NY04",0,0,"$0",0,0,0,262,"House","New York",167473,-145700,3.7,772,4.4,900
"MENG, GRACE","D","NY06",0,0,"$0",0,0,0,262,"House","New York",167473,-145700,3.7,772,4.4,900
"JEFFRIES, HAKEEM","D","NY08",0,0,"$0",0,0,0,262,"House","New York",167473,-145700,3.7,772,4.4,900
"CLARKE, YVETTE","D","NY09",0,0,"$0",0,0,0,262,"House","New York",167473,-145700,3.7,772,4.4,900
"ROSE, MAX","D","NY11",0,0,"$0",0,0,0,262,"House","New York",167473,-145700,3.7,772,4.4,900
"ESPAILLAT, ADRIANO","D","NY13",0,0,"$0",0,0,0,262,"House","New York",167473,-145700,3.7,772,4.4,900
"OCASIO-CORTEZ, ALEXANDRIA","D","NY14",0,0,"$0",0,0,0,262,"House","New York",167473,-145700,3.7,772,4.4,900
"MALONEY, SEAN","D","NY18",0,0,"$0",0,0,0,262,"House","New York",167473,-145700,3.7,772,4.4,900
"TONKO, PAUL","D","NY20",0,0,"$0",0,0,0,262,"House","New York",167473,-145700,3.7,772,4.4,900
"MORELLE, JOSEPH","D","NY25",0,0,"$0",0,0,0,262,"House","New York",167473,-145700,3.7,772,4.4,900
"BEATTY, JOYCE","D","OH03",0,0,"$0",0,0,0,262,"House","Ohio",3569434,-1156830,13.7,1589,12.9,1524
"FUDGE, MARCIA","D","OH11",0,0,"$0",0,0,0,262,"House","Ohio",3569434,-1156830,13.7,1589,12.9,1524
"BLUMENAUER, EARL","D","OR03",0,0,"$0",0,0,0,262,"House","Oregon",59633,-112595,12.1,528,11.9,513
"FITZPATRICK, BRIAN","R","PA01",0,0,"$0",0,0,0,262,"House","Pennsylvania",1799798,-386266,12.5,1636,12,1555
"BOYLE, BRENDAN","D","PA02",0,0,"$0",0,0,0,262,"House","Pennsylvania",1799798,-386266,12.5,1636,12,1555
"EVANS, DWIGHT","D","PA03",0,0,"$0",0,0,0,262,"House","Pennsylvania",1799798,-386266,12.5,1636,12,1555
"DEAN, MADELEINE","D","PA04",0,0,"$0",0,0,0,262,"House","Pennsylvania",1799798,-386266,12.5,1636,12,1555
"SCANLON, MARY","D","PA05",0,0,"$0",0,0,0,262,"House","Pennsylvania",1799798,-386266,12.5,1636,12,1555
"HOULAHAN, CHRISTINA","D","PA06",0,0,"$0",0,0,0,262,"House","Pennsylvania",1799798,-386266,12.5,1636,12,1555
"COHEN, STEPHEN","D","TN09",0,0,"$0",0,0,0,262,"House","Tennessee",1372506,0,18.4,1246,17.1,1148
"GREEN, AL","D","TX09",0,0,"$0",0,0,0,262,"House","Texas",650742,-158009,12.4,3513,12.1,3353
"GONZALEZ, VICENTE","D","TX15",0,0,"$0",0,0,0,262,"House","Texas",650742,-158009,12.4,3513,12.1,3353
"ESCOBAR, VERONICA","D","TX16",0,0,"$0",0,0,0,262,"House","Texas",650742,-158009,12.4,3513,12.1,3353
"CASTRO, JOAQUIN","D","TX20",0,0,"$0",0,0,0,262,"House","Texas",650742,-158009,12.4,3513,12.1,3353
"GARCIA, SYLVIA","D","TX29",0,0,"$0",0,0,0,262,"House","Texas",650742,-158009,12.4,3513,12.1,3353
"VEASEY, MARC","D","TX33",0,0,"$0",0,0,0,262,"House","Texas",650742,-158009,12.4,3513,12.1,3353
"VELA, FILEMON","D","TX34",0,0,"$0",0,0,0,262,"House","Texas",650742,-158009,12.4,3513,12.1,3353
"MCEACHIN, DONALD","D","VA04",0,0,"$0",0,0,0,262,"House","Virginia",115492,-1290875,11.9,1041,12.1,1049
"BEYER, DONALD","D","VA08",0,0,"$0",0,0,0,262,"House","Virginia",115492,-1290875,11.9,1041,12.1,1049
"JAYAPAL, PRAMILA","D","WA07",0,0,"$0",0,0,0,262,"House","Washington",152540,-1001968,11.1,849,9,686
"POCAN, MARK","D","WI02",0,0,"$0",0,0,0,262,"House","Wisconsin",1385505,-771863,10.6,624,11.4,664
"MOORE, GWEN","D","WI04",0,0,"$0",0,0,0,262,"House","Wisconsin",1385505,-771863,10.6,624,11.4,664
"KELLY, ROBIN","D","IL02",0,0,"$0",10,0,-10,366,"House","Illinois",191089,-71872,12.1,1543,11.7,1490
"LIPINSKI, DANIEL","D","IL03",0,0,"$0",20,0,-20,367,"House","Illinois",191089,-71872,12.1,1543,11.7,1490
"QUIGLEY, MIKE","D","IL05",0,0,"$0",20,0,-20,367,"House","Illinois",191089,-71872,12.1,1543,11.7,1490
"SCHNEIDER, BRAD","D","IL10",0,0,"$0",20,0,-20,367,"House","Illinois",191089,-71872,12.1,1543,11.7,1490
"SCOTT, DAVID","D","GA13",0,0,"$65",0,0,-65,370,"House","Georgia",2144458,-1635,15.4,1623,15,1571
"SEWELL, TERRI","D","AL07",0,0,"$71",0,0,-71,371,"House","Alabama",399197,-74830,22.9,1124,21.5,1046
"CLEAVER, EMANUEL","D","MO05",0,0,"$71",0,0,-71,371,"House","Missouri",6143256,-933,21.5,1307,19,1144
"SHERRILL, MIKIE","D","NJ11",0,63,"$0",197,0,-134,373,"House","New Jersey",0,-73405,5.3,478,5.5,485
"STEVENS, HALEY","D","MI11",0,0,"$0",158,0,-158,374,"House","Michigan",186994,-984050,11.3,1138,12.3,1230
"HIRONO, MAZIE","D","HIS2",0,0,"$0",171,0,-171,375,"Senate","Hawaii",0,-743,2.5,39,4.5,66
"MEEKS, GREGORY","D","NY05",0,0,"$252",0,0,-252,376,"House","New York",167473,-145700,3.7,772,4.4,900
"RUPPERSBERGER, DUTCH","D","MD02",0,0,"$0",259,0,-259,377,"House","Maryland",27447,-6614,12.3,742,11.9,707
"FEINSTEIN, DIANNE","D","CAS2",0,0,"$278",0,0,-278,378,"Senate","California",214295,-285808,7.9,3184,7.9,3184
"LANGEVIN, JAMES","D","RI02",0,0,"$140",140,0,-280,379,"House","Rhode Island",0,-1350,3.9,43,4.1,49
"SCHATZ, BRIAN","D","HIS1",0,0,"$143",143,0,-286,380,"Senate","Hawaii",0,-743,2.5,39,4.5,66
"GABBARD, TULSI","D","HI02",0,0,"$143",143,0,-286,380,"House","Hawaii",0,-743,2.5,39,4.5,66
"DELAURO, ROSA","D","CT03",0,0,"$326",0,0,-326,382,"House","Connecticut",0,-181011,5.1,188,4.6,172
"RUSH, BOBBY","D","IL01",0,0,"$328",0,0,-328,383,"House","Illinois",191089,-71872,12.1,1543,11.7,1490
"BONAMICI, SUZANNE","D","OR01",0,0,"$188",188,0,-376,384,"House","Oregon",59633,-112595,12.1,528,11.9,513
"JOHNSON, EDDIE","D","TX30",0,0,"$414",0,0,-414,385,"House","Texas",650742,-158009,12.4,3513,12.1,3353
"MARKEY, EDWARD","D","MAS2",0,0,"$442",0,0,-442,386,"Senate","Massachusetts",555,-41739,3.7,262,3.4,242
"NEAL, RICHARD","D","MA01",0,0,"$442",0,0,-442,386,"House","Massachusetts",555,-41739,3.7,262,3.4,242
"MCGOVERN, JAMES","D","MA02",0,0,"$442",0,0,-442,386,"House","Massachusetts",555,-41739,3.7,262,3.4,242
"DOGGETT, LLOYD","D","TX35",0,0,"$414",64,0,-478,389,"House","Texas",650742,-158009,12.4,3513,12.1,3353
"SCOTT, ROBERT","D","VA03",0,0,"$495",0,0,-495,390,"House","Virginia",115492,-1290875,11.9,1041,12.1,1049
"VELAZQUEZ, NYDIA","D","NY07",0,0,"$252",252,0,-504,391,"House","New York",167473,-145700,3.7,772,4.4,900
"NADLER, JERROLD","D","NY10",0,0,"$252",252,0,-504,391,"House","New York",167473,-145700,3.7,772,4.4,900
"MALONEY, CAROLYN","D","NY12",0,0,"$252",252,0,-504,391,"House","New York",167473,-145700,3.7,772,4.4,900
"SERRANO, JOSE","D","NY15",0,0,"$252",252,0,-504,391,"House","New York",167473,-145700,3.7,772,4.4,900
"ENGEL, ELIOT","D","NY16",0,0,"$252",252,0,-504,391,"House","New York",167473,-145700,3.7,772,4.4,900
"LOWEY, NITA","D","NY17",0,0,"$252",252,0,-504,391,"House","New York",167473,-145700,3.7,772,4.4,900
"MENENDEZ, ROBERT","D","NJS1",0,0,"$256",256,0,-512,397,"Senate","New Jersey",0,-73405,5.3,478,5.5,485
"PASCRELL, WILLIAM","D","NJ09",0,0,"$256",256,0,-512,397,"House","New Jersey",0,-73405,5.3,478,5.5,485
"COX, TJ","D","CA21",0,0,"$260",260,0,-520,399,"House","California",214295,-285808,7.9,3184,7.9,3184
"PELOSI, NANCY","D","CA12",0,0,"$278",278,0,-556,400,"House","California",214295,-285808,7.9,3184,7.9,3184
"LEE, BARBARA","D","CA13",0,0,"$278",278,0,-556,400,"House","California",214295,-285808,7.9,3184,7.9,3184
"ESHOO, ANNA","D","CA18",0,0,"$278",278,0,-556,400,"House","California",214295,-285808,7.9,3184,7.9,3184
"LOFGREN, ZOE","D","CA19",0,0,"$278",278,0,-556,400,"House","California",214295,-285808,7.9,3184,7.9,3184
"SHERMAN, BRAD","D","CA30",0,0,"$278",278,0,-556,400,"House","California",214295,-285808,7.9,3184,7.9,3184
"NAPOLITANO, GRACE","D","CA32",0,0,"$278",278,0,-556,400,"House","California",214295,-285808,7.9,3184,7.9,3184
"ROYBAL-ALLARD, LUCILLE","D","CA40",0,0,"$278",278,0,-556,400,"House","California",214295,-285808,7.9,3184,7.9,3184
"WATERS, MAXINE","D","CA43",0,0,"$278",293,0,-571,407,"House","California",214295,-285808,7.9,3184,7.9,3184
"HOYER, STENY","D","MD05",0,0,"$315",315,0,-630,408,"House","Maryland",27447,-6614,12.3,742,11.9,707
"THOMPSON, BENNIE","D","MS02",0,0,"$320",320,0,-640,409,"House","Mississippi",228109,-640,21.5,632,19.9,587
"LARSON, JOHN","D","CT01",0,0,"$326",326,0,-652,410,"House","Connecticut",0,-181011,5.1,188,4.6,172
"DAVIS, DANNY","D","IL07",0,0,"$328",328,0,-656,411,"House","Illinois",191089,-71872,12.1,1543,11.7,1490
"SCHAKOWSKY, JANICE","D","IL09",0,0,"$328",328,0,-656,411,"House","Illinois",191089,-71872,12.1,1543,11.7,1490
"THOMPSON, MICHAEL","D","CA05",4000,0,"$4,413",278,0,-691,413,"House","California",214295,-285808,7.9,3184,7.9,3184
"TAKANO, MARK","D","CA41",0,0,"$0",719,0,-719,414,"House","California",214295,-285808,7.9,3184,7.9,3184
"JOHNSON, HANK","D","GA04",0,0,"$743",0,0,-743,415,"House","Georgia",2144458,-1635,15.4,1623,15,1571
"LEWIS, JOHN","D","GA05",0,0,"$446",381,0,-827,416,"House","Georgia",2144458,-1635,15.4,1623,15,1571
"JACKSON-LEE, SHEILA","D","TX18",0,0,"$414",414,0,-828,417,"House","Texas",650742,-158009,12.4,3513,12.1,3353
"CLAY, WILLIAM","D","MO01",0,0,"$431",431,0,-862,418,"House","Missouri",6143256,-933,21.5,1307,19,1144
"VISCLOSKY, PETER","D","IN01",0,0,"$432",432,0,-864,419,"House","Indiana",4245190,-864,15.3,1016,15,997
"FRANKEL, LOIS","D","FL21",0,0,"$0",886,0,-886,420,"House","Florida",3542202,-111412,12.4,2724,12.6,2704
"KAPTUR, MARCY","D","OH09",0,0,"$443",443,0,-886,420,"House","Ohio",3569434,-1156830,13.7,1589,12.9,1524
"LOWENTHAL, ALAN","D","CA47",0,0,"$0",890,0,-890,422,"House","California",214295,-285808,7.9,3184,7.9,3184
"PRICE, DAVID","D","NC04",0,0,"$449",449,0,-898,423,"House","North Carolina",11789724,-898,13.7,1430,13.7,1409
"CICILLINE, DAVID","D","RI01",0,0,"$0",1070,0,-1070,424,"House","Rhode Island",0,-1350,3.9,43,4.1,49
"DOYLE, MICHAEL","D","PA18",0,0,"$566",566,0,-1132,425,"House","Pennsylvania",1799798,-386266,12.5,1636,12,1555
"WILD, SUSAN","D","PA07",13,0,"$0",1207,0,-1194,426,"House","Pennsylvania",1799798,-386266,12.5,1636,12,1555
"CARTWRIGHT, MATT","D","PA08",0,0,"$0",1238,0,-1238,427,"House","Pennsylvania",1799798,-386266,12.5,1636,12,1555
"KINZINGER, ADAM","R","IL16",8000,30,"$0",9445,0,-1415,428,"House","Illinois",191089,-71872,12.1,1543,11.7,1490
"LEVIN, MIKE","D","CA49",13,0,"$742",857,0,-1586,429,"House","California",214295,-285808,7.9,3184,7.9,3184
"PALLONE, FRANK","D","NJ06",0,0,"$256",1793,256,-1793,430,"House","New Jersey",0,-73405,5.3,478,5.5,485
"HORSFORD, STEVEN","D","NV04",0,0,"$0",1820,0,-1820,431,"House","Nevada",22682,-2712765,16.7,508,16.8,498
"PHILLIPS, DEAN","D","MN03",0,0,"$492",1402,0,-1894,432,"House","Minnesota",286298,-191892,8.2,465,7.6,432
"DAVIS, SUSAN","D","CA53",0,0,"$2,273",0,278,-1995,433,"House","California",214295,-285808,7.9,3184,7.9,3184
"SLOTKIN, ELISSA","D","MI08",0,0,"$952",1131,0,-2083,434,"House","Michigan",186994,-984050,11.3,1138,12.3,1230
"DELBENE, SUZAN","D","WA01",0,0,"$0",2113,0,-2113,435,"House","Washington",152540,-1001968,11.1,849,9,686
"CARBAJAL, SALUD","D","CA24",0,0,"$0",2194,0,-2194,436,"House","California",214295,-285808,7.9,3184,7.9,3184
"KILMER, DEREK","D","WA06",0,0,"$0",2706,0,-2706,437,"House","Washington",152540,-1001968,11.1,849,9,686
"ROUDA, HARLEY","D","CA48",0,0,"$1,314",1442,0,-2756,438,"House","California",214295,-285808,7.9,3184,7.9,3184
"SCHIFF, ADAM","D","CA28",0,0,"$2,191",580,0,-2771,439,"House","California",214295,-285808,7.9,3184,7.9,3184
"CROW, JASON","D","CO06",13,0,"$1,321",1473,0,-2781,440,"House","Colorado",4865120,-935216,13.4,779,14.3,812
"DURBIN, RICHARD","D","ILS1",0,0,"$0",3470,0,-3470,441,"Senate","Illinois",191089,-71872,12.1,1543,11.7,1490
"LAMB, CONOR","D","PA17",0,0,"$1,171",2597,0,-3768,442,"House","Pennsylvania",1799798,-386266,12.5,1636,12,1555
"YARMUTH, JOHN","D","KY03",0,0,"$0",4018,0,-4018,443,"House","Kentucky",1504727,-4018,16.2,730,17.5,772
"RUIZ, RAUL","D","CA36",0,0,"$0",4320,0,-4320,444,"House","California",214295,-285808,7.9,3184,7.9,3184
"GILLIBRAND, KIRSTEN","D","NYS1",0,4259,"$0",9232,0,-4973,445,"Senate","New York",167473,-145700,3.7,772,4.4,900
"GRIJALVA, RAUL","D","AZ03",0,0,"$0",5233,0,-5233,446,"House","Arizona",425062,-319855,15.8,1134,15.2,1094
"CRAIG, ANGELA","D","MN02",0,0,"$616",4804,0,-5420,447,"House","Minnesota",286298,-191892,8.2,465,7.6,432
"PAPPAS, CHRIS","D","NH01",0,0,"$0",5718,0,-5718,448,"House","New Hampshire",0,-734351,10.4,146,9.3,132
"CARDIN, BENJAMIN","D","MDS1",0,0,"$315",5410,0,-5725,449,"Senate","Maryland",27447,-6614,12.3,742,11.9,707
"HORN, KENDRA","D","OK05",0,0,"$0",5904,0,-5904,450,"House","Oklahoma",205293,-5904,17.2,681,19.6,766
"WARREN, ELIZABETH","D","MAS1",0,0,"$3,927",2284,0,-6211,451,"Senate","Massachusetts",555,-41739,3.7,262,3.4,242
"PINGREE, CHELLIE","D","ME01",0,0,"$0",7920,1701,-6219,452,"House","Maine",18099,-180796,11.7,172,8.3,123
"DUCKWORTH, TAMMY","D","ILS2",0,0,"$0",6422,0,-6422,453,"Senate","Illinois",191089,-71872,12.1,1543,11.7,1490
"HEINRICH, MARTIN","D","NMS1",2000,0,"$0",8460,0,-6460,454,"Senate","New Mexico",3500,-82256,18.5,394,18.1,383
"GARAMENDI, JOHN","D","CA03",0,0,"$0",7030,0,-7030,455,"House","California",214295,-285808,7.9,3184,7.9,3184
"CISNEROS, GIL","D","CA39",0,0,"$4,489",3085,0,-7574,456,"House","California",214295,-285808,7.9,3184,7.9,3184
"PETERS, SCOTT","D","CA52",0,0,"$0",7846,0,-7846,457,"House","California",214295,-285808,7.9,3184,7.9,3184
"HIGGINS, BRIAN","D","NY26",5000,0,"$0",13174,0,-8174,458,"House","New York",167473,-145700,3.7,772,4.4,900
"FOSTER, BILL","D","IL11",0,0,"$0",9859,0,-9859,459,"House","Illinois",191089,-71872,12.1,1543,11.7,1490
"SCHRIER, KIM","D","WA08",0,0,"$1,735",8670,0,-10405,460,"House","Washington",152540,-1001968,11.1,849,9,686
"BROWNLEY, JULIA","D","CA26",0,0,"$0",10572,0,-10572,461,"House","California",214295,-285808,7.9,3184,7.9,3184
"MCADAMS, BEN","D","UT04",0,0,"$4,979",5977,0,-10956,462,"House","Utah",13691980,-10956,14,410,12.9,370
"HARDER, JOSH","D","CA10",13,0,"$5,441",5556,0,-10984,463,"House","California",214295,-285808,7.9,3184,7.9,3184
"PORTER, KATIE","D","CA45",0,0,"$5,875",5991,0,-11866,464,"House","California",214295,-285808,7.9,3184,7.9,3184
"AGUILAR, PETER","D","CA31",0,0,"$0",12268,0,-12268,465,"House","California",214295,-285808,7.9,3184,7.9,3184
"ABRAHAM, RALPH","R","LA05",3000,2974,"$0",18510,0,-12536,466,"House","Louisiana",3142993,-12536,21.7,1008,21.3,987
"BERA, AMI","D","CA07",0,0,"$0",12730,0,-12730,467,"House","California",214295,-285808,7.9,3184,7.9,3184
"DAVIDS, SHARICE","D","KS03",0,0,"$6,335",7053,0,-13388,468,"House","Kansas",1712474,-13388,16,466,13.4,383
"ALLRED, COLIN","D","TX32",13,0,"$7,251",6447,0,-13685,469,"House","Texas",650742,-158009,12.4,3513,12.1,3353
"HILL, KATIE","D","CA25",0,0,"$6,842",6973,0,-13815,470,"House","California",214295,-285808,7.9,3184,7.9,3184
"COURTNEY, JOE","D","CT02",0,0,"$0",13852,0,-13852,471,"House","Connecticut",0,-181011,5.1,188,4.6,172
"SCHUMER, CHUCK","D","NYS2",0,0,"$0",15184,0,-15184,472,"Senate","New York",167473,-145700,3.7,772,4.4,900
"CUNNINGHAM, JOE","D","SC01",0,0,"$7,678",7819,0,-15497,473,"House","South Carolina",135064,-15497,17.7,893,17.7,891
"SMITH, TINA","D","MNS1",0,0,"$0",15696,0,-15696,474,"Senate","Minnesota",286298,-191892,8.2,465,7.6,432
"LURIA, ELAINE","D","VA02",0,0,"$7,888",8039,0,-15927,475,"House","Virginia",115492,-1290875,11.9,1041,12.1,1049
"MCCOLLUM, BETTY","D","MN04",0,0,"$427",16093,0,-16520,476,"House","Minnesota",286298,-191892,8.2,465,7.6,432
"O'HALLERAN, THOMAS","D","AZ01",0,0,"$0",19963,0,-19963,477,"House","Arizona",425062,-319855,15.8,1134,15.2,1094
"UNDERWOOD, LAUREN","D","IL14",0,0,"$10,172",10335,0,-20507,478,"House","Illinois",191089,-71872,12.1,1543,11.7,1490
"WEXTON, JENNIFER","D","VA10",13,0,"$6,226",15461,0,-21674,479,"House","Virginia",115492,-1290875,11.9,1041,12.1,1049
"KIM, ANDY","D","NJ03",0,0,"$15,478",7374,0,-22852,480,"House","New Jersey",0,-73405,5.3,478,5.5,485
"DEMINGS, VALDEZ","D","FL10",0,0,"$93",22976,0,-23069,481,"House","Florida",3542202,-111412,12.4,2724,12.6,2704
"SPANBERGER, ABIGAIL","D","VA07",0,0,"$11,668",11862,0,-23530,482,"House","Virginia",115492,-1290875,11.9,1041,12.1,1049
"BOOKER, CORY","D","NJS2",0,0,"$23,641",0,0,-23641,483,"Senate","New Jersey",0,-73405,5.3,478,5.5,485
"TORRES-SMALL, XOCHITL","D","NM02",0,0,"$10,038",13604,0,-23642,484,"House","New Mexico",3500,-82256,18.5,394,18.1,383
"GOTTHEIMER, JOSH","D","NJ05",0,0,"$0",23961,0,-23961,485,"House","New Jersey",0,-73405,5.3,478,5.5,485
"CONNOLLY, GERRY","D","VA11",0,0,"$770",23356,0,-24126,486,"House","Virginia",115492,-1290875,11.9,1041,12.1,1049
"FINKENAUER, ABBY","D","IA01",0,0,"$12,863",13058,0,-25921,487,"House","Iowa",3410355,-148999,9,293,9.2,288
"LAWSON, ALFRED","D","FL05",0,0,"$92",27448,0,-27540,488,"House","Florida",3542202,-111412,12.4,2724,12.6,2704
"BUSTOS, CHERI","D","IL17",0,0,"$0",28489,0,-28489,489,"House","Illinois",191089,-71872,12.1,1543,11.7,1490
"GOLDEN, JARED","D","ME02",0,0,"$13,778",15625,0,-29403,490,"House","Maine",18099,-180796,11.7,172,8.3,123
"RESCHENTHALER, GUY","R","PA14",2000,1605,"$0",33150,0,-29545,491,"House","Pennsylvania",1799798,-386266,12.5,1636,12,1555
"DELGADO, ANTONIO","D","NY19",0,0,"$14,761",15117,0,-29878,492,"House","New York",167473,-145700,3.7,772,4.4,900
"KEATING, WILLIAM","D","MA09",0,0,"$0",34202,0,-34202,493,"House","Massachusetts",555,-41739,3.7,262,3.4,242
"COONS, CHRISTOPHER","D","DES2",0,26000,"$53,061",7702,0,-34763,494,"Senate","Delaware",0,-97616,11.7,111,11,111
"KIRKPATRICK, ANN","D","AZ02",0,0,"$5,851",40583,0,-46434,495,"House","Arizona",425062,-319855,15.8,1134,15.2,1094
"PETERS, GARY","D","MIS1",0,0,"$511",48344,0,-48855,496,"Senate","Michigan",186994,-984050,11.3,1138,12.3,1230
"UDALL, TOM","D","NMS2",0,0,"$0",52154,0,-52154,497,"Senate","New Mexico",3500,-82256,18.5,394,18.1,383
"MURPHY, STEPHANIE","D","FL07",0,0,"$0",59917,0,-59917,498,"House","Florida",3542202,-111412,12.4,2724,12.6,2704
"AXNE, CYNTHIA","D","IA03",0,0,"$47,281",12778,0,-60059,499,"House","Iowa",3410355,-148999,9,293,9.2,288
"LARSEN, RICK","D","WA02",0,0,"$496",62049,0,-62545,500,"House","Washington",152540,-1001968,11.1,849,9,686
"CARPER, THOMAS","D","DES1",0,0,"$0",62853,0,-62853,501,"Senate","Delaware",0,-97616,11.7,111,11,111
"LOEBSACK, DAVID","D","IA02",0,0,"$0",63019,0,-63019,502,"House","Iowa",3410355,-148999,9,293,9.2,288
"BLUMENTHAL, RICHARD","D","CTS2",0,0,"$55,221",9096,0,-64317,503,"Senate","Connecticut",0,-181011,5.1,188,4.6,172
"PERLMUTTER, ED","D","CO07",0,0,"$0",64411,0,-64411,504,"House","Colorado",4865120,-935216,13.4,779,14.3,812
"TITUS, DINA","D","NV01",0,0,"$15,613",58941,0,-74554,505,"House","Nevada",22682,-2712765,16.7,508,16.8,498
"JONES, DOUG","D","ALS1",0,0,"$74,759",0,0,-74759,506,"Senate","Alabama",399197,-74830,22.9,1124,21.5,1046
"COSTA, JIM","D","CA16",0,0,"$0",81223,0,-81223,507,"House","California",214295,-285808,7.9,3184,7.9,3184
"BRINDISI, ANTHONY","D","NY22",0,0,"$11,991",72224,0,-84215,508,"House","New York",167473,-145700,3.7,772,4.4,900
"MCNERNEY, JERRY","D","CA09",0,0,"$199",86518,0,-86717,509,"House","California",214295,-285808,7.9,3184,7.9,3184
"HECK, DENNY","D","WA10",0,0,"$0",91801,0,-91801,510,"House","Washington",152540,-1001968,11.1,849,9,686
"MURPHY, CHRISTOPHER","D","CTS1",0,0,"$85,074",16790,0,-101864,511,"Senate","Connecticut",0,-181011,5.1,188,4.6,172
"ROSEN, JACKLYN","D","NVS1",13,0,"$29,773",77326,0,-107086,512,"Senate","Nevada",22682,-2712765,16.7,508,16.8,498
"MERKLEY, JEFF","D","ORS1",0,0,"$0",112219,0,-112219,513,"Senate","Oregon",59633,-112595,12.1,528,11.9,513
"HASSAN, MAGGIE","D","NHS1",0,0,"$48,098",91013,0,-139111,514,"Senate","New Hampshire",0,-734351,10.4,146,9.3,132
"FLETCHER, ELIZABETH","D","TX07",13,0,"$4,779",137838,0,-142604,515,"House","Texas",650742,-158009,12.4,3513,12.1,3353
"KING, ANGUS","I","MES1",0,0,"$0",145174,0,-145174,516,"Senate","Maine",18099,-180796,11.7,172,8.3,123
"KLOBUCHAR, AMY","D","MNS2",0,0,"$0",152362,0,-152362,517,"Senate","Minnesota",286298,-191892,8.2,465,7.6,432
"KUSTER, ANN","D","NH02",0,0,"$0",181580,0,-181580,518,"House","New Hampshire",0,-734351,10.4,146,9.3,132
"CANTWELL, MARIA","D","WAS1",0,0,"$496",210400,0,-210896,519,"Senate","Washington",152540,-1001968,11.1,849,9,686
"SINEMA, KYRSTEN","D","AZS2",0,0,"$93,492",154733,0,-248225,520,"Senate","Arizona",425062,-319855,15.8,1134,15.2,1094
"CASEY, BOB","D","PAS2",0,0,"$20,403",328986,0,-349389,521,"Senate","Pennsylvania",1799798,-386266,12.5,1636,12,1555
"SHAHEEN, JEANNE","D","NHS2",0,0,"$251,409",156533,0,-407942,522,"Senate","New Hampshire",0,-734351,10.4,146,9.3,132
"MANCHIN, JOE","D","WVS1",11450,0,"$215,102",256048,0,-459700,523,"Senate","West Virginia",388360,-459700,18.6,348,17.5,332
"WARNER, MARK","D","VAS2",0,0,"$204,731",273749,0,-478480,524,"Senate","Virginia",115492,-1290875,11.9,1041,12.1,1049
"MURRAY, PATTY","D","WAS2",0,0,"$6,704",614798,0,-621502,525,"Senate","Washington",152540,-1001968,11.1,849,9,686
"KAINE, TIM","D","VAS1",0,0,"$612,441",114202,0,-726643,526,"Senate","Virginia",115492,-1290875,11.9,1041,12.1,1049
"TESTER, JON","D","MTS1",0,0,"$522,949",211550,0,-734499,527,"Senate","Montana",489678,-734499,22.5,244,18.9,194
"BALDWIN, TAMMY","D","WIS1",0,0,"$387,009",384854,0,-771863,528,"Senate","Wisconsin",1385505,-771863,10.6,624,11.4,664
"BENNET, MICHAEL","D","COS1",0,0,"$38,813",829211,0,-868024,529,"Senate","Colorado",4865120,-935216,13.4,779,14.3,812
"STABENOW, DEBORAH","D","MIS2",0,0,"$590",932364,0,-932954,530,"Senate","Michigan",186994,-984050,11.3,1138,12.3,1230
"BROWN, SHERROD","D","OHS1",0,0,"$907,134",248810,0,-1155944,531,"Senate","Ohio",3569434,-1156830,13.7,1589,12.9,1524
"CORTEZ-MASTO, CATHERINE","D","NVS2",0,0,"$2,422,829",106476,0,-2529305,532,"Senate","Nevada",22682,-2712765,16.7,508,16.8,498
